{
  "isolation_forest": {
    "precision": 0.13333333333333333,
    "recall": 0.4,
    "f1_score": 0.2,
    "auc_roc": 0.8866666666666667,
    "avg_anomaly_score": 0.26836150270229736,
    "false_positive_rate": 0.10833333333333334,
    "training_time_sec": 0.0,
    "inference_time_ms": 0.0
  },
  "lof": {
    "precision": 0.0,
    "recall": 0.0,
    "f1_score": 0.0,
    "auc_roc": 0.7249999999999999,
    "avg_anomaly_score": 0.07835416709602881,
    "false_positive_rate": 0.008333333333333333,
    "training_time_sec": 0.0,
    "inference_time_ms": 0.0
  },
  "ocsvm": {
    "precision": 0.5,
    "recall": 0.2,
    "f1_score": 0.2857142857142857,
    "auc_roc": 0.8200000000000001,
    "avg_anomaly_score": 0.17836678197219002,
    "false_positive_rate": 0.008333333333333333,
    "training_time_sec": 0.0,
    "inference_time_ms": 0.0
  },
  "autoencoder": {
    "precision": 0.5,
    "recall": 0.2,
    "f1_score": 0.2857142857142857,
    "auc_roc": 0.735,
    "avg_anomaly_score": 0.09383404069636261,
    "false_positive_rate": 0.008333333333333333,
    "training_time_sec": 0.0,
    "inference_time_ms": 0.0
  },
  "dbscan": {
    "precision": 0.0,
    "recall": 0.0,
    "f1_score": 0.0,
    "auc_roc": 0.5,
    "avg_anomaly_score": 0.0,
    "false_positive_rate": 0.0,
    "training_time_sec": 0.0,
    "inference_time_ms": 0.0
  },
  "elliptic_envelope": {
    "precision": 1.0,
    "recall": 0.2,
    "f1_score": 0.3333333333333333,
    "auc_roc": 1.0,
    "avg_anomaly_score": 0.008278508771324125,
    "false_positive_rate": 0.0,
    "training_time_sec": 0.0,
    "inference_time_ms": 0.0
  }
}