is_anomaly,dept_count,avg_utilization,avg_velocity
0,182,81.71893772527473,110939.10719196704
1,18,78.06244605555555,142362.27835766666
